event_id,start_date,hazard,district,locality,lat,lon,coord_source,deaths,missing,rescued_or_evacuated,responders,scenario_notes,emdat_disno,sources
UK-1998-MALPA,1998-08-17,landslide,Pithoragarh,"Malpa village, Kali valley",29.535,80.311,wikipedia,221,,,,"Rockfall over several days (16-21 Aug) buried a village on the Kailash Mansarovar Yatra route; about 60 of the dead were pilgrims. Sources disagree on deaths (221 Wikipedia, 239 EM-DAT, 250 Wikipedia Cloudburst).",1998-0253-IND,https://en.wikipedia.org/wiki/1998_Malpa_landslide
UK-2004-BADRINATH,2004-07-06,landslide,Chamoli,"Badrinath shrine area, Alaknanda valley",30.744,79.493,approx_town_centroid,17,,,,"Cloudburst-triggered landslides swept 3 vehicles into the Alaknanda; 28 injured and about 5,000 pilgrims stranded on the highway.",,https://en.wikipedia.org/wiki/Cloudburst
UK-2009-NACHNI,2009-08-07,landslide,Pithoragarh,Nachni area near Munsiyari,29.92,80.1,approx_town_centroid,38,,,,Landslide after a cloudburst. EM-DAT records 45 deaths with a start date of 8 Aug.,2009-0315-IND,https://en.wikipedia.org/wiki/Cloudburst
UK-2010-ALMORA,2010-09-15,flash_flood,Almora,Balta and one other village,29.597,79.659,approx_town_centroid,,,,,Cloudburst submerged two villages; Balta was almost entirely lost. EM-DAT groups this into a wider Almora/Nainital flood (200 deaths).,2010-0492-IND,https://en.wikipedia.org/wiki/Cloudburst
UK-2012-ASSIGANGA,2012-08-04,flash_flood,Uttarkashi,Assi Ganga valley hydel project; Bhagirathi near Gangotri,30.73,78.45,approx_town_centroid,,19,200 families evacuated,ITBP; state disaster forces,Labourers at a hydel project site went missing; low-lying areas evacuated to higher ground; three small hydel projects shut down.,2012-0334-IND,https://en.wikipedia.org/wiki/2012_Himalayan_flash_floods
UK-2012-UKHIMATH,2012-09-14,flash_flood,Rudraprayag,Ukhimath,30.52,79.09,approx_town_centroid,39,,,,"Cloudburst. Wikipedia Cloudburst article dates it 14 Sep 2013; EM-DAT 2012-0354 (16 Sep 2012, 45 deaths) matches the place, so 2012 is used here - verify.",2012-0354-IND,https://en.wikipedia.org/wiki/Cloudburst
UK-2013-KEDARNATH,2013-06-16,flash_flood,Rudraprayag,"Kedarnath, Rambara, Gaurikund, Sonprayag (state-wide)",30.735,79.067,approx_town_centroid,6054,thousands,">110,000 evacuated","NDRF 13 teams (422 personnel); ITBP ~2,000 (33,009 rescued in 15 days); Army; IAF; Navy MARCOS; 83 aircraft by 23 Jun","Worst case reference. Settlements obliterated; ~84,000 stranded for days; Army split operations into 4 axes; an IAF Mi-17 crashed during rescue (20 killed incl. 9 NDRF, 6 ITBP).",2013-0192-IND,https://en.wikipedia.org/wiki/2013_North_India_floods;https://en.wikipedia.org/wiki/Operation_Surya_Hope
UK-2016-PITHORAGARH,2016-07-01,flash_flood,Pithoragarh,"Bastadi, Naulanda, Charma and Patharkot villages, Singhali area",29.84522,80.21167,osm_place_node,17,8,,Rescue teams with life detectors and victim locating devices; dog squads; 2 JCBs,"Early-hours cloudburst, over 100 mm in two hours over about 50 sq km; houses in 7+ villages buried. Mud and slush covered 5 km from Bastadi to Charmagarh. 240 people were in relief camps on day 4. Early reports ranged 12-30 dead because some counted Chamoli too. Deaths here are the ToI village count of 4 Jul (Bastadi 12, Naulanda 3, Charma 1, Patharkot 1); 8 still missing at Bastadi. Point is OSM 'Bastari'.",,https://indiaenvironmentportal.org.in/news-clippings/uttarakhand-cloudburst-death-toll-rises-to-20-12-still-missing;https://indiaenvironmentportal.org.in/news-clippings/ukhand-cloudburts-rescue-operations-wound-up-at-most-places;https://reliefweb.int/report/india/india-situation-report-uttrakhand-cloud-burst-2nd-july-2016
UK-2017-DHARCHULA,2017-08-14,landslide,Pithoragarh,"Mangti Nala army camp and Malpa, Kailash Mansarovar Yatra route, Dharchula",29.99751,80.71455,osm_place_node,7+,25,22 airlifted from Gunji,"At Mangti: SDRF 30, SSB 15, Army 14, ITBP 2. At Malpa: SSB 26, Army 10. NDRF; helicopters","Two night cloudbursts (13-14 Aug) caused landslips; one buried an army camp at Mangti Nala (2 JCOs, 5 jawans and 7 porters feared swept away). Official and local tolls disagree: state said 1 dead / 8 missing at Mangti, locals 14 at Mangti and 14 at Malpa. The CM's helicopter could not land in the rain. Point is OSM 'Mangti'.",,https://www.thejakartapost.com/news/2017/08/15/landslips--cloudbursts-kill-28-in-uttarakhand;https://m.tribuneindia.com/news/archive/features/dharchula-cloudbursts-death-toll-reaches-7-452682
UK-2019-ARAKOT,2019-08-18,flash_flood,Uttarkashi,"Arakot, Makudi, Molda, Tikochi, Sanel and Nakota, Mori tehsil",31.04187,77.82852,osm_place_node,15+,20,10 injured rescued by SDRF at Sanel,ITBP; NDRF; SDRF; police; health teams; IAF helicopters,"Cloudburst around 4 am on a Sunday hit several villages in the upper Tons valley (Arakot worst). The toll grew from 2 dead / 23 missing on day 1 to 15+ dead / 20 missing by 29 Aug. IAF flew relief from Jolly Grant and airlifted the injured to Dehradun. Two helicopters crashed in the area within four days, so air operations were suspended.",,https://www.dailypioneer.com/2019/state-editions/2-dead--23-missing-after-cloudburst-in-uttarkashi.html;https://www.deccanherald.com/india/25-killed-as-heavy-rains-lash-uttarakhand-755354.html;https://www.dynamitenews.com/story/uttarakhand-relief-rescue-ops-continue-in-flood-ravaged-arakot-village
UK-2020-MUNSIYARI,2020-07-20,flash_flood,Pithoragarh,"Tanga and Gaila Pattharkot villages, Bangapani subdivision near Munsiyari",30.01884,80.33079,osm_place_node,10,1,,SDRF 10; revenue police 20; 2 medical teams on standby; locals digging,Cloudburst around 3:40 am. A house in Gaila caved in on a family of three; in Tanga one survivor said 11 others were washed away by a swollen rivulet. 6 injured. The toll rose 3 -> 5 -> 10 over three days as bodies were dug out of rubble.,,https://www.tribuneindia.com/news/nation/family-of-3-killed-6-injured-in-cloudburst-in-uttarakhand-115470;https://etvbharat.com/english/state/uttarakhand/death-toll-in-uttarakhand-cloudburst-rises-to-10/na20200722230330774;https://www.tribuneindia.com/news/nation/2-more-bodies-recovered-from-uttarakhands-cloudburst-hit-area-115928
UK-2021-CHAMOLI,2021-02-07,flash_flood,Chamoli,"Raini village, Rishiganga and Tapovan hydro sites",30.375,79.731,wikipedia,83,121,,NDRF 3 teams flown by C-130J; ITBP tunnel rescue,"Rock-ice avalanche caused a flash flood; ~140 of the dead and missing were hydro-project workers, some trapped in tunnels; a bridge serving 13 villages was washed away; dams downstream drained. Wikipedia infobox shows 18 Feb, its text and EM-DAT say 7 Feb.",2021-0072-IND,https://en.wikipedia.org/wiki/2021_Uttarakhand_flood;https://en.wikipedia.org/wiki/Joshimath
UK-2021-KUMAON,2021-10-18,landslide,Nainital,"Chhara village, Khairna, Mukteshwar (Kumaon-wide)",29.38,79.46,approx_town_centroid,64,,"3,500+ rescued; 16,000+ precautionary evacuations","NDRF 17 teams; SDRF 7 teams; PAC 15 companies; 5,000+ police","Record October rain; house collapses and landslides; Nainital cut off by road. About 35 deaths in Nainital district, the rest in Champawat, Almora, Pithoragarh, Udham Singh Nagar, Bageshwar. Death toll reports range 52-79.",2021-0681-IND,Times of India 2021-10-22;ABP Live 2021-10-23;https://floodlist.com/asia/india-floods-landslides-uttarakhand-october-2021
UK-2022-SARKHET,2022-08-20,flash_flood,Dehradun,"Sarkhet village, Raipur block; also Maldevta, Bhutsi, Thatyud and other villages",30.3655,78.1376,nominatim_locality,0,,All stranded villagers rescued (no count given),SDRF; SDM Dhanaulti,"Cloudburst at 2:45 am per locals; mud entered homes in over a dozen villages. No loss of life was reported. Residents were moved to schools and panchayat buildings; some sheltered in a nearby resort. Useful as a low-severity, many-requests scenario close to the city.",,https://www.etvbharat.com/english/state/uttarakhand/cloudburst-strikes-dehradun-uttarakhand/na20220820073025943943717
UK-2023-GAURIKUND,2023-08-03,landslide,Rudraprayag,"Daat Puliya near Gaurikund, Kedarnath Yatra route",30.653,79.025,approx_town_centroid,10,13,,NDRF + SDRF ~100 personnel; DDRF; police; water police; fire service,Night-time landslide and flash flood swept three roadside shops into the Mandakini with ~23 people inside; falling boulders and rain stopped the search repeatedly. Initially 3 dead / 20 missing; 10 dead / 13 missing by 28 Aug.,,Down To Earth (Gaurikund landslide);Hindustan Times 2023-08-05;Times of India 2023-08-28
UK-2024-CHIRBASA,2024-07-21,landslide,Rudraprayag,"Chirbasa sliding zone near the helipad, Kedarnath foot route above Gaurikund",30.665,79.035,approx_on_route,3,,,Not stated,"Landslide on the trek route killed 3 pilgrims and injured 5. Cited as background in a 2026 report, which also lists 2-6 deaths a year on this route in 2017-2024. Point is an estimate a little above Gaurikund, not a mapped site.",,https://www.etvbharat.com/hi/state/kedarnath-yatra-sdrf-takes-charge-at-the-chirbasa-sliding-zone-uts26093003142
UK-2024-KEDARNATH,2024-07-31,flash_flood,Rudraprayag,"Kedarnath trek route: Lincholi, Bhimbali, Jungle Chatti, Rambara, Ghorapadav",30.7,79.06,approx_town_centroid,17,,"~10,000 evacuated (NDRF reports 14,563)",SDRF; NDRF; police; IAF Chinook and Mi-17,"Evening cloudburst with ~15,000 pilgrims on the route; trek washed away at several points; people walked to Sonprayag or were airlifted from Lincholi helipad; operation ran 5+ days.",,India Today 2024-08-04;Economic Times 2024-08-05;ABP Live 2024-08-02;https://ndrf.gov.in/en/operations/landslide-kedarnath
UK-2025-DHARALI,2025-08-05,flash_flood,Uttarkashi,"Dharali village, Kheer Ganga, Gangotri route",31.04083,78.78111,wikipedia,5+,50-100+,190,Army Ibex brigade; NDRF 4 teams; ITBP 3 teams; SDRF; IAF on standby,"Debris flow tore through a village on the Gangotri pilgrim route, destroying houses and hotels; bad weather grounded helicopters.",,https://en.wikipedia.org/wiki/2025_Uttarakhand_flash_flood
UK-2025-THARALI,2025-08-22,flash_flood,Chamoli,"Tharali town, Sagwara and Chepdo villages",30.07455,79.50003,osm_place_node,1,1-2,,SDRF; police; district administration; ITBP 8th Bn platoon from Gauchar,"Late-night cloudburst; debris buried homes, shops, the tehsil complex and the SDM's residence. Tharali-Gwaldam and Tharali-Sagwara roads closed. Reports disagree on missing (one elderly man at Chepdo; two at Sagwara, one later found dead).",,https://www.etvbharat.com/en/!state/after-dharali-cloudburst-hits-uttarakhand-tharali-woman-dead-elderly-man-missing-enn25082301723;https://www.business-standard.com/india-news/cloudburst-uttarakhand-chamoli-landslide-deaths-houses-damaged-monsoon-rain-125082300111_1.html
UK-2025-DEHRADUN,2025-09-16,flash_flood,Dehradun,"Sahastradhara, Maldevta, Tapkeshwar, Paundha",30.386,78.131,approx_town_centroid,13,16,900+ rescued; 200-500 students from a waterlogged campus,SDRF; NDRF; police; PWD with JCBs,"Overnight cloudburst in the state capital; shops, cars and a road stretch washed away; 500+ stranded; a tractor-trolley with 10-12 people trapped in the Asan river. Toll reports range 13-18.",,https://www.thehindu.com/news/national/uttarakhand/dehradun-heavy-rain-floods-persons-missing-september-16-2025/article70055428.ece;The Tribune 2025-09-16;The Watchers 2025-09-17
UK-2025-NANDANAGAR,2025-09-17,flash_flood,Chamoli,"Kuntari Lagafali and Dhurma villages, Nandanagar",30.25352,79.40506,osm_place_node,2-7,6-14,"5 rescued alive (4 Kuntari Lagafali, 1 Dhurma); one man after ~16 h under debris",SDRF; NDRF; locals; serious injured airlifted to AIIMS Rishikesh,"Night cloudburst buried houses. 12-20 injured. Counts changed a lot between outlets and days. Good source for 'trapped under debris, alive' requests: a woman was pulled out with local help and a man after about 16 hours. Point is OSM 'Dhurma'.",,https://www.deccanchronicle.com/cloudburst-hits-uttarakhand-again-seven-missing;https://english.punjabkesari.com/india/2025/09/19/uttarakhand-man-rescued-after-being-trapped-for-16-hours-under-debris-in-nandanagar-rescue-ops-continue-in-chamoli;https://ianslive.in/chamoli-cloudburst-woman-rescued-from-debris-in-nanda-nagar-many-feared-trapped--20250919090717
UK-2026-MUNKATIYA,2026-05-19,landslide,Rudraprayag,"Munkatiya, between Sonprayag and Gaurikund, Kedarnath Yatra route",30.643,79.013,approx_between_places,,,"~10,450 stranded pilgrims escorted across",SDRF Sonprayag post; NDRF (joint team),"Late-night landslide blocked the main road with pilgrims stranded in dark, rain and falling debris. No casualties reported. Mass-stranding scenario rather than trapped victims. The article (20 May 2026) says 'Tuesday late night' (19 May) but also mentions 9 May. Point is midway between Sonprayag and Gaurikund.",,https://www.indiatv.in/india/national/uttarakhand-landslide-in-kedarnath-route-rudraprayag-over-10-000-pilgrims-evacuated-safely-by-administration-2026-05-20-1219684;https://suryasamachar.com/2026/05/20/massive-landslide-on-kedarnath-route-sdrf-ndrf-rescues-over-10000-pilgrims/
