event_id,event_time_local,first_response,operation_span,people_rescued,notes,sources
UK-2013-KEDARNATH,2013-06-16 evening (main flood 16-17 Jun),"IAF airlift from 17 Jun; 12,000+ stranded at Badrinath by 18 Jun",Evacuation 17-30 Jun (~2 weeks); body search into Sep,"110,000+ evacuated (IAF airlifted 18,424 in 2,137 sorties; ITBP 33,009 in 15 days)","By 21 Jun: Army 10,000 soldiers + 11 helicopters, IAF 43 aircraft, Navy 45 divers. A Mi-17 returning from Kedarnath crashed on 25 Jun, killing 20 (incl. 9 NDRF, 6 ITBP).",https://en.wikipedia.org/wiki/2013_North_India_floods
UK-2016-PITHORAGARH,2016-07-01 early hours,Same day; mud over 5 km slowed teams reaching Bastadi,Most sites wound up by 4-5 Jul; Bastadi search continued,,"After day 1 it was recovery, not rescue: bodies (and a few animals alive) dug out with JCBs and dog squads. 240 people in relief camps on day 4.",https://indiaenvironmentportal.org.in/news-clippings/ukhand-cloudburts-rescue-operations-wound-up-at-most-places
UK-2017-DHARCHULA,2017-08-13/14 night,Delayed by damage; the CM could not land due to rain,Several days,22 airlifted from Gunji,"Forces on site by 16 Aug: SDRF 30, SSB 41, Army 24, ITBP 2.",https://m.tribuneindia.com/news/archive/features/dharchula-cloudbursts-death-toll-reaches-7-452682
UK-2019-ARAKOT,2019-08-18 ~04:00,"ITBP, NDRF and SDRF dispatched the same day",11+ days (toll still rising on 29 Aug),10 injured rescued at Sanel; injured airlifted to Dehradun,Air support was the bottleneck: two helicopters crashed within four days and flights were suspended.,https://www.dynamitenews.com/story/uttarakhand-relief-rescue-ops-continue-in-flood-ravaged-arakot-village
UK-2020-MUNSIYARI,2020-07-20 ~03:40,10 SDRF + 20 revenue police on site on day 1,3+ days (toll 3 -> 5 -> 10 by 22 Jul),,Small team for a remote village; locals did much of the digging.,https://www.tribuneindia.com/news/nation/2-more-bodies-recovered-from-uttarakhands-cloudburst-hit-area-115928
UK-2021-CHAMOLI,2021-02-07 ~10:30-10:45,ITBP 1st Bn Joshimath troops rushed out soon after,12 rescued from the smaller Tapovan tunnel that evening after ~4 h; search ran to May,12 from the tunnel,"NDRF teams flown in on 2 C-130J. By May 2021, 83 bodies recovered of 204 missing.",https://www.deccanherald.com/india/a-new-lease-of-life-itbp-rescues-workers-stuck-in-flash-flood-hit-tunnel-948707.html;https://en.wikipedia.org/wiki/2021_Uttarakhand_flood
UK-2022-SARKHET,2022-08-20 02:45,SDRF; all stranded rescued by morning,< 1 day,All stranded (no count),No deaths. Shows that most requests can be low severity.,https://www.etvbharat.com/english/state/uttarakhand/cloudburst-strikes-dehradun-uttarakhand/na20220820073025943943717
UK-2024-KEDARNATH,2024-07-31 night,"Ground rescue from the morning of 1 Aug (~5,000 that day); IAF Chinook + Mi-17 from 2 Aug",31 Jul - 6 Aug (7 days),"15,000+ (10,374 by day 4)",Weather grounded the Chinook on day 4 (Mi-17: 60 people in 3 sorties). Most people walked out with SDRF/NDRF.,https://www.deccanherald.com/india/uttarakhand/over-15000-evacuated-as-recue-ops-on-kedarnath-trek-route-concludes-3139642;https://www.business-standard.com/india-news/operations-to-rescue-kedarnath-pilgrims-enters-3rd-day-over-10k-evacuated-124080300363_1.html
UK-2025-DHARALI,2025-08-05 ~13:45 (an eyewitness said 13:12),Army Harsil (~4 km) mobilised 150 within 10 min; ITBP 16-member team from 12th Bn reached the same day,Rescue still running on 13 Aug (SDRF command post),"15-20 on day 1; 150 by 6 Aug; 1,308 by 13 Aug",The army camp was itself hit. Bad weather halted helicopters. 68 missing on 13 Aug.,https://reliefweb.int/report/india/situation-report-1-uttarakhand-cloudburst-and-flash-flood-date-06th-august-2025-time-1000am;https://www.aajtak.in/india/uttarakhand/story/dharali-rescue-update-sdrf-set-up-command-post-many-missing-many-people-rescued-so-far-ntc-rptc-2309084-2025-08-13
UK-2025-THARALI,2025-08-22 late night,"SDRF, police and administration overnight; ITBP platoon from Gauchar next morning",,,,https://www.etvbharat.com/en/!state/after-dharali-cloudburst-hits-uttarakhand-tharali-woman-dead-elderly-man-missing-enn25082301723
UK-2025-DEHRADUN,2025-09-15/16 night,"SDRF, NDRF and PWD with JCBs dispatched overnight; SDM on site during the night",Several days,900+,"City event: responders were minutes away, unlike the hill events.",https://ianslive.in/cloudburst-in-dehraduns-karligad-triggers-destruction-rescue-ops-underway--20250916075809
UK-2025-NANDANAGAR,2025-09-17 night,SDRF and NDRF reached during the night or next morning,Multiple days,5 rescued alive; one after ~16 h under debris,Survival under debris can exceed 12 h: relevant to the 60-min Wait cap discussion.,https://english.punjabkesari.com/india/2025/09/19/uttarakhand-man-rescued-after-being-trapped-for-16-hours-under-debris-in-nandanagar-rescue-ops-continue-in-chamoli
UK-2026-MUNKATIYA,2026-05-19 late night,DCR Rudraprayag alerted SDRF at 21:16; the Sonprayag team left shortly after (post ~2 km away),Overnight,"~10,450 escorted across",Joint SDRF-NDRF; traffic restored afterwards.,https://www.indiatv.in/india/national/uttarakhand-landslide-in-kedarnath-route-rudraprayag-over-10-000-pilgrims-evacuated-safely-by-administration-2026-05-20-1219684
