event_id,event_date,event_title,location_description,location_accuracy,landslide_category,landslide_trigger,landslide_size,landslide_setting,fatality_count,injury_count,gazeteer_closest_point,gazeteer_distance,latitude,longitude,source_name,source_link
149,2007-07-30,Joshimath,Joshimath,50km,landslide,downpour,medium,unknown,,,Joshīmath,0.6405,30.557,79.56,Red Cross - Field reports,https://www-secure.ifrc.org/dmis/prepare/view_report.asp?ReportID=2987
150,2007-07-30,Chamoli,Chamoli,50km,landslide,downpour,medium,unknown,,,Pīpalkoti,8.34102,30.4,79.349,Red Cross - Field reports,https://www-secure.ifrc.org/dmis/prepare/view_report.asp?ReportID=2987
146,2007-07-30,Uttarkashi district,Uttarkashi district,50km,landslide,downpour,medium,unknown,2,,Uttarkāshi,0.54749,30.733,78.439,Red Cross - Field reports,https://www-secure.ifrc.org/dmis/prepare/view_report.asp?ReportID=2987
173,2007-08-11,Rishikesh,Rishikesh,unknown,landslide,rain,medium,unknown,,,Birbhaddar,2.00924,30.0702,78.3027,Asian News International - Daily India,http://www.dailyindia.com/show/164988.php/Landslides-leave-scores-of-passengers-stranded-in-Uttarakhand
237,2007-09-06,Pithoragarh,Pithoragarh,25km,landslide,rain,large,unknown,,,Pithorāgarh,0.70042,29.5833,80.2167,The hindu.com,
653,2008-07-18,Sukhidhang area of Champawat district in Uttarakhand ,Sukhidhang area of Champawat district in Uttarakhand ,5km,landslide,rain,medium,unknown,14,,Champawat,2.22339,29.33,80.1,dailynews365,http://www.dailynews365.com/national-news/landslides-killed-14-in-uttarakhand/
1072,2009-08-08,"Bala, Pithoragarh, Uttarakhand (450Km from Deheradun)","Bala, Pithoragarh, Uttarakhand (450Km from Deheradun)",10km,landslide,downpour,large,unknown,15,,Pithorāgarh,0.55612,29.5885,80.2098,samaylive,http://www.samaylive.com/news/15-dead-in-uttarakhand-landslide/644753.html
1097,2009-08-17,Pithoragarh district,Pithoragarh district,25km,landslide,continuous_rain,medium,unknown,0,,Lohaghāt,4.21438,29.4085,80.1327,samaylive,http://www.samaylive.com/news/rains-landslides-disrupt-kailash-mansarovar-pilgrimage/648603.html
1130,2009-09-01,Chinona area in Almora district,Chinona area in Almora district,5km,landslide,downpour,medium,unknown,3,,Kotdwāra,6.28807,29.7036,78.5658,ptinews,http://www.ptinews.com/news/261571_Three-buried-alive-after-landslides
1521,2010-02-23,Tehri : Two children were killed and another injured when landslides triggered by heavy rains demolished a house at Tangadia village in Tehri distric*,,25km,landslide,downpour,medium,unknown,2,,Tehri,2.92958,30.383,78.5094,ptinews,http://www.ptinews.com/news/532955_Two-kids-killed-in-house-collapse
2041,2010-07-06,"highway to Rudraprayag district, Uttarakhand","highway to Rudraprayag district, Uttarakhand",10km,landslide,downpour,medium,unknown,0,,Srīnagar,10.16977,30.2485,78.8847,healthcarendiet,http://www.healthcarendiet.com/2010/07/06/monsoon-covers-almost-entire-india/
2040,2010-07-06,"highway to Uttarkashi district, Uttarakhand","highway to Uttarkashi district, Uttarakhand",25km,landslide,downpour,medium,unknown,0,,Uttarkāshi,14.91461,30.638,78.3297,healthcarendiet,http://www.healthcarendiet.com/2010/07/06/monsoon-covers-almost-entire-india/
2104,2010-07-20,"Tanakupur-Pitoragarh highway, Kumaon(Kumaun) region, Uttarakhand","Tanakupur-Pitoragarh highway, Kumaon(Kumaun) region, Uttarakhand",50km,landslide,downpour,medium,unknown,0,,Champawat,5.43573,29.36,80.126,dnaindia,http://www.dnaindia.com/india/report_three-killed-as-heavy-rains-continue-to-lash-uttarakhand_1412378
2105,2010-07-20,"Bhimtal area, Naintal district, Uttarakhand","Bhimtal area, Naintal district, Uttarakhand",10km,landslide,downpour,medium,unknown,1,,Bhīm Tāl,1.83184,29.3576,79.5519,dnaindia,http://www.dnaindia.com/india/report-three-killed-as-heavy-rains-continue-to-lash-uttarakhand-1412378
2103,2010-07-20,"Badrinath and Yamunotri shrines(?), Garhwal region, Uttarakhand","Badrinath and Yamunotri shrines(?), Garhwal region, Uttarakhand",50km,landslide,downpour,medium,unknown,0,,Lansdowne,17.36162,29.9862,78.6115,dnaindia,http://www.dnaindia.com/india/report_three-killed-as-heavy-rains-continue-to-lash-uttarakhand_1412378
2120,2010-07-22,"Patlot-Aghora road, Almora District ","Patlot-Aghora road, Almora District ",10km,landslide,downpour,medium,unknown,1,,Almora,1.36937,29.6095,79.6628,gsi.gov,"http://www.portal.gsi.gov.in/portal/page?_pageid=127,875814&_dad=portal&_schema=PORTAL"
2161,2010-07-29,"Uttarkāshi : Landslips, triggered by heavy rain, blocked two key highways connecting Rishikesh, Gangotri and Badrinath in Uttarakhand on Thursday, le*",,10km,landslide,downpour,medium,unknown,0,,Uttarkāshi,2.02811,30.7467,78.4517,hindu,http://www.hindu.com/2010/07/30/stories/2010073063780100.htm
2162,2010-07-29,"Pīpalkoti : Landslips, triggered by heavy rain, blocked two key highways connecting Rishikesh, Gangotri and Badrinath in Uttarakhand on Thursday, lea*",,10km,landslide,downpour,medium,unknown,0,,Pīpalkoti,8.75022,30.4054,79.3426,hindu,http://www.hindu.com/2010/07/30/stories/2010073063780100.htm
2202,2010-08-05,"Basantpur or Gouchar village (two conflicting sources), Chamoli district","Basantpur or Gouchar village (two conflicting sources), Chamoli district",25km,landslide,downpour,medium,unknown,5,,Pīpalkoti,9.41328,30.4068,79.3351,hindustantimes,http://www.hindustantimes.com/Five-killed-in-landslides-in-Uttarakhand/Article1-582669.aspx
2227,2010-08-09,"Nirgaddu about 4 km from Tapovan on Rishikesh - Badrinath route, Uttarakhand ","Nirgaddu about 4 km from Tapovan on Rishikesh - Badrinath route, Uttarakhand ",50km,landslide,downpour,medium,unknown,0,,Joshīmath,10.60095,30.6463,79.5306,gsi.gov,"http://www.portal.gsi.gov.in/portal/page?_pageid=127,875814&_dad=portal&_schema=PORTAL"
2228,2010-08-09,"Dharasu and Nalupani near Uttarkashi on Rishikesh – Gangotri highway, Uttarakhand ","Dharasu and Nalupani near Uttarkashi on Rishikesh – Gangotri highway, Uttarakhand ",25km,landslide,downpour,medium,unknown,0,,Uttarkāshi,10.80999,30.6785,78.3475,gsi.gov,"http://www.portal.gsi.gov.in/portal/page?_pageid=127,875814&_dad=portal&_schema=PORTAL"
2229,2010-08-09,"Menagarh near Sukki on Rishikesh – Gangotri highway, Uttarakhand ","Menagarh near Sukki on Rishikesh – Gangotri highway, Uttarakhand ",50km,landslide,downpour,medium,unknown,0,,Tehri,17.46994,30.5151,78.3684,gsi.gov,"http://www.portal.gsi.gov.in/portal/page?_pageid=127,875814&_dad=portal&_schema=PORTAL"
2241,2010-08-13,"Gangotree national highway near Bhatvaree, Uttarkashi district","Gangotree national highway near Bhatvaree, Uttarkashi district",5km,landslide,downpour,medium,above_road,,,Uttarkāshi,19.4259,30.80200029,78.61786282,Samachar Today,http://www.samachartoday.com/gangotri-national-highway-block-due-to-landslides/9243
2257,2010-08-16,"badrinath route, Lambagarh(?), Uttarakhand","badrinath route, Lambagarh(?), Uttarakhand",25km,landslide,downpour,medium,unknown,0,,Joshīmath,20.25214,30.7284,79.4971,english.ntdtv,http://english.ntdtv.com/ntdtv_en/ns_asia/2010-08-17/124801939515.html
2268,2010-08-18,"Saraswati Shishu Mandir school(?), Sumgarh(Sumgad) village(?), Bageshwar-Pindari glacier rd 45 km from Bageshwar, Kapkot, Bageshwar, Uttarakhand","Saraswati Shishu Mandir school(?), Sumgarh(Sumgad) village(?), Bageshwar-Pindari glacier rd 45 km from Bageshwar, Kapkot, Bageshwar, Uttarakhand",10km,complex,downpour,large,unknown,18,,Bāgeshwar,24.55402,30.0134,79.9261,dailypioneer,http://www.dailypioneer.com/277138/Landslide-kills-18-schoolchildren.html
2293,2010-08-20,"Nalupani(?), Rishikesh-Gangotri highway, Uttarkhand","Nalupani(?), Rishikesh-Gangotri highway, Uttarkhand",50km,landslide,downpour,medium,unknown,0,,Uttarkāshi,19.20175,30.7221,78.6437,hindu,http://www.hindu.com/2010/07/30/stories/2010073063780100.htm
2291,2010-08-20,"Ranachatti(?), route to Yamunotri, Garwhal division, Uttarakhand","Ranachatti(?), route to Yamunotri, Garwhal division, Uttarakhand",10km,landslide,downpour,medium,unknown,0,,Uttarkāshi,26.3194,30.966,78.4151,dnaindia,http://www.dnaindia.com/india/report_rains-hit-normal-life-in-uttarakhand_1426128
2292,2010-08-20,"Bhatwari, Rishikesh-Gangotri highway, Uttarkhand","Bhatwari, Rishikesh-Gangotri highway, Uttarkhand",5km,landslide,downpour,medium,unknown,0,,Uttarkāshi,19.4259,30.8183,78.6186,dnaindia,http://www.dnaindia.com/india/report_rains-hit-normal-life-in-uttarakhand_1426128
2290,2010-08-20,"Gaurikund, road to Kedarnath, Garwhal division, Uttarakhand","Gaurikund, road to Kedarnath, Garwhal division, Uttarakhand",5km,landslide,downpour,medium,unknown,0,,Rudraprayāg,40.80879,30.6509,79.0264,dnaindia,http://www.dnaindia.com/india/report_rains-hit-normal-life-in-uttarakhand_1426128
2294,2010-08-20,"Lambagad(?), Rishikesh-Badrinath highway, Uttarakhand","Lambagad(?), Rishikesh-Badrinath highway, Uttarakhand",unknown,landslide,downpour,medium,unknown,0,,Rudraprayāg,17.9174,30.3846,78.8371,dnaindia,http://www.dnaindia.com/india/report_rains-hit-normal-life-in-uttarakhand_1426128
2309,2010-08-22,"Chandoli(?) and Karchuna(?) vilalges, Pokkhri, Chamoli, Uttarakhand, Uttranchal","Chandoli(?) and Karchuna(?) vilalges, Pokkhri, Chamoli, Uttarakhand, Uttranchal",25km,landslide,downpour,medium,unknown,0,,Joshīmath,17.82322,30.4238,79.6724,english.samaylive,http://english.samaylive.com/regional/uttarakhand/676471855.html
2339,2010-08-26,"Matak Mahari(?), near Dehradun, Uttarakhand","Matak Mahari(?), near Dehradun, Uttarakhand",50km,landslide,downpour,medium,unknown,0,,Dehradun,5.35259,30.365,78.0641,sify.com,http://sify.com/news/cloudburst-landslides-damage-houses-school-in-uttarakhand-village-news-national-ki0r4efiegh.html
2379,2010-09-03,"Rudraprayag, Rishikesh-Badrinath hwy","Rudraprayag, Rishikesh-Badrinath hwy",10km,landslide,downpour,medium,unknown,0,,Rudraprayāg,0.07823,30.2851,78.9829,timesofindia.indiatimes,http://timesofindia.indiatimes.com/india/8000-pilgrims-stranded-in-Uttarakhand/articleshow/6494279.cms
2380,2010-09-03,"Bhatwari, Rishikesh-Gangotri hwy","Bhatwari, Rishikesh-Gangotri hwy",5km,landslide,downpour,medium,unknown,0,,Rudraprayāg,13.5594,30.4008,79.0278,timesofindia.indiatimes,http://timesofindia.indiatimes.com/india/8000-pilgrims-stranded-in-Uttarakhand/articleshow/6494279.cms
2378,2010-09-03,"Shivpuri, Rishikesh-Badrinath hwy","Shivpuri, Rishikesh-Badrinath hwy",5km,landslide,downpour,medium,unknown,0,,Rishīkesh,9.82725,30.135,78.3896,timesofindia.indiatimes,http://timesofindia.indiatimes.com/india/8000-pilgrims-stranded-in-Uttarakhand/articleshow/6494279.cms
2391,2010-09-04,"Ranachatti(?), on road to Yamunotri","Ranachatti(?), on road to Yamunotri",25km,landslide,downpour,medium,unknown,0,,Barkot,16.2449,30.8987,78.3399,economictimes.indiatimes,http://economictimes.indiatimes.com/articleshow/6492259.cms
2390,2010-09-04,"Karmkund(?), on Rishikesh-Gangotri hwy","Karmkund(?), on Rishikesh-Gangotri hwy",50km,landslide,downpour,medium,unknown,0,,Uttarkāshi,18.69147,30.796,78.623,economictimes.indiatimes,http://economictimes.indiatimes.com/articleshow/6492259.cms
2389,2010-09-04,"Chhinka area(?), on Rishikesh-Badrinath hwy","Chhinka area(?), on Rishikesh-Badrinath hwy",50km,landslide,downpour,medium,unknown,0,,Pīpalkoti,9.22235,30.5004,79.3888,economictimes.indiatimes,http://economictimes.indiatimes.com/articleshow/6492259.cms
2416,2010-09-12,"Uttarkashi town, Uttarakhand","Uttarkashi town, Uttarakhand",5km,landslide,downpour,medium,unknown,0,,Uttarkāshi,0.48391,30.7333,78.4403,youtube,http://www.youtube.com/watch?v=WoWfWNSjTCI
2440,2010-09-17,"Maletha village, near Badrinath","Maletha village, near Badrinath",50km,landslide,downpour,very_large,unknown,,,Joshīmath,21.72471,30.75402442,79.49970189,Telegraph,http://www.telegraphindia.com/1100920/jsp/nation/story_12958037.jsp
2444,2010-09-18,"Nainital district, Uttarakhand","Nainital district, Uttarakhand",50km,landslide,downpour,medium,unknown,4,,Haldwani,2.98316,29.2484,79.5371,indiatoday.intoday,http://indiatoday.intoday.in/site/Story/113220/India/19-perish-as-rains-pound-uttarakhand.html
2445,2010-09-18,"near Devprayag, Rishikesh-Badrinath hwy, ","near Devprayag, Rishikesh-Badrinath hwy, ",10km,landslide,downpour,medium,unknown,0,,Devaprayāg,0.20647,30.1454,78.6007,dailypioneer,http://www.dailypioneer.com/284337/65-killed-in-flash-floods-landslides.html
2443,2010-09-18,"villages Pilkha(?), Devali(?), and Balta(?), Avalbagh block(?), Almora(Almorah) district, Uttarakhand","villages Pilkha(?), Devali(?), and Balta(?), Avalbagh block(?), Almora(Almorah) district, Uttarakhand",50km,landslide,downpour,large,unknown,24,,Rānīkhet,10.64601,29.6042,79.5343,timesofindia.indiatimes,http://timesofindia.indiatimes.com/india/Landslides-kill-11-in-Uttarakhand-14-trapped-under-debris/articleshow/6580510.cms
2454,2010-09-19,"near Mt. Kamet and Ghastoli village, near Mana pass, Chamoli district, Uttarakhand","near Mt. Kamet and Ghastoli village, near Mana pass, Chamoli district, Uttarakhand",10km,landslide,downpour,medium,unknown,2,,Joshīmath,38.43651,30.9013,79.5322,monstersandcritics,http://www.monstersandcritics.com/news/southasia/news/article_1585977.php/Two-army-officers-killed-in-landslide-in-northern-India
2458,2010-09-19,"roads to Gangotri, Uttarakhand","roads to Gangotri, Uttarakhand",25km,landslide,downpour,medium,unknown,0,,Uttarkāshi,37.04628,30.9015,78.7756,tribuneindia,http://www.tribuneindia.com/2010/20100923/main1.htm
2470,2010-09-19,"Dehradun-Mussoorie rd, Himachal Pradesh","Dehradun-Mussoorie rd, Himachal Pradesh",5km,landslide,downpour,medium,unknown,0,,Mussoorie,3.42534,30.4326,78.0767,sify.com,http://sify.com/news/landslides-flash-floods-damage-roads-in-uttarakhand-news-national-kjxruecgidd.html
2455,2010-09-19,"road to Shivpur(Shivpuri), Pauri Garhwal district, Uttarakhand","road to Shivpur(Shivpuri), Pauri Garhwal district, Uttarakhand",10km,landslide,downpour,medium,unknown,0,,Rishīkesh,12.91945,30.1035,78.4265,Telegraph India,http://www.telegraphindia.com/1100922/jsp/nation/story_12966820.jsp
2459,2010-09-19,"roads to Rani Khet(Ranikhet) and Jolle Kote(?), Uttarakhand","roads to Rani Khet(Ranikhet) and Jolle Kote(?), Uttarakhand",50km,landslide,downpour,medium,unknown,0,,Rānīkhet,15.11187,29.5477,79.3211,tribuneindia,http://www.tribuneindia.com/2010/20100923/main1.htm
2471,2010-09-19,"roads above Pithoragarh, Uttranchal","roads above Pithoragarh, Uttranchal",50km,landslide,downpour,medium,unknown,0,,Pithorāgarh,27.28608,29.7911,80.058,sify.com,http://sify.com/news/landslides-flash-floods-damage-roads-in-uttarakhand-news-national-kjxruecgidd.html
2453,2010-09-19,"near Chausali village(?), Almora district, Uttarakhand","near Chausali village(?), Almora district, Uttarakhand",50km,landslide,downpour,medium,unknown,0,,Rānīkhet,6.70279,29.6131,79.494,indiascanner.com,http://indiascanner.com/65-died-in-flood-landslide-in-uttarakhand-15849
2452,2010-09-19,"near Mohand, Dehradun-Delhi hwy, Uttar Pradesh","near Mohand, Dehradun-Delhi hwy, Uttar Pradesh",5km,landslide,downpour,medium,unknown,0,,Clement Town,11.74197,30.1977,77.9137,dailypioneer,http://www.dailypioneer.com/284337/65-killed-in-flash-floods-landslides.html
2456,2010-09-19,"near Bagri Glacier(?), Gopeswar(Gopeshwar), Chamoli district, Uttarakhand","near Bagri Glacier(?), Gopeswar(Gopeshwar), Chamoli district, Uttarakhand",25km,landslide,downpour,medium,unknown,0,,Joshīmath,29.74149,30.7991,79.4356,Telegraph India,http://www.telegraphindia.com/1100922/jsp/nation/story_12966820.jsp
2478,2010-09-20,"roads around Uttarkashi, Uttarakhand","roads around Uttarkashi, Uttarakhand",25km,landslide,downpour,medium,unknown,0,,Uttarkāshi,0.48748,30.7332,78.4401,sify.com,http://sify.com/news/landslides-flash-floods-damage-roads-in-uttarakhand-news-national-kjxruecgidd.html
2476,2010-09-20,"NH-87 near Naintital, Uttarakhand","NH-87 near Naintital, Uttarakhand",10km,landslide,downpour,medium,unknown,0,,Bhowāli,2.30798,29.3987,79.4841,english.ntdtv,http://english.ntdtv.com/ntdtv_en/ns_asia/2010-09-21/018730373390.html
3141,2011-02-23,"Rishikesh-Badrinath national highway to Rudraprayag, Chamoli, and Badrinath, Uttarakhand","Rishikesh-Badrinath national highway to Rudraprayag, Chamoli, and Badrinath, Uttarakhand",50km,landslide,downpour,medium,unknown,0,,Pīpalkoti,20.09961,30.4749,79.2293,zeenews,http://www.zeenews.com/news689983.html
3559,2011-05-31,"Chhatanga(?) village on Rishikesh-Yamunotri highway, Uttarkashi ","Chhatanga(?) village on Rishikesh-Yamunotri highway, Uttarkashi ",50km,landslide,rain,medium,unknown,1,,Mussoorie,21.17342,30.4783,78.2741,news.in,http://news.in.msn.com/national/article.aspx?cp-documentid=5187654
3558,2011-05-31,"road to Yamunotri shrine, Uttarakashi","road to Yamunotri shrine, Uttarakashi",25km,landslide,rain,medium,unknown,0,,Barkot,17.01484,30.9206,78.3276,news.in,http://news.in.msn.com/national/article.aspx?cp-documentid=5187654
3578,2011-06-07,"Rishikesh-Badrinath hwy., near Sirobgarh(Sirobagad), Rudraprayag district, Uttarakhand","Rishikesh-Badrinath hwy., near Sirobgarh(Sirobagad), Rudraprayag district, Uttarakhand",5km,landslide,downpour,medium,unknown,0,,Rudraprayāg,8.70925,30.2414,78.908,english.samaylive,http://english.samaylive.com/regional-news/uttarakhand-news/676488233/rishikesh-badrinath-highway-blocked.html
3577,2011-06-07,"road to Badrinath shrine, Uttarakhand","road to Badrinath shrine, Uttarakhand",50km,landslide,downpour,medium,unknown,0,,Pīpalkoti,13.89592,30.5319,79.3541,ibnlive.in,http://ibnlive.in.com/generalnewsfeed/news/uttarakhand-rains-bring-respite-trigger-landslides/719372.html
3669,2011-06-29,"National Highway leading to Gangotri, from Dehradun","National Highway leading to Gangotri, from Dehradun",50km,landslide,downpour,medium,unknown,0,,Uttarkāshi,34.03469,30.7666,78.7963,IBN,http://ibnlive.in.com/generalnewsfeed/news/yatra-to-kedarnath-gangotri-yamunotri-resumes/745000.html
3668,2011-06-29,"Almora-Pithoragarh road, between Makrau and Thiari","Almora-Pithoragarh road, between Makrau and Thiari",unknown,landslide,downpour,medium,unknown,0,,Almora,26.07261,29.607,79.9298,news.in,http://news.in.msn.com/national/article.aspx?cp-documentid=5242640
3674,2011-06-29,Several roads in Uttarakhand,Several roads in Uttarakhand,5km,landslide,downpour,large,unknown,10,,Rudraprayāg,24.40704,30.0667,79.0193,ibnlive.in,http://ibnlive.in.com/generalnewsfeed/news/several-roads-blocked-due-to-landslides-in-uttarakhand/742517.html
3671,2011-06-29,National Highway leading to Yamunotri from Dehradun,National Highway leading to Yamunotri from Dehradun,unknown,landslide,downpour,medium,above_road,,,Pīpalkoti,48.67682,30.81507336,78.2242533,IBN,http://ibnlive.in.com/generalnewsfeed/news/yatra-to-kedarnath-gangotri-yamunotri-resumes/745000.html
3673,2011-06-29,"Rishikesh-Kedarnath national highway, Sirobagad","Rishikesh-Kedarnath national highway, Sirobagad",10km,landslide,downpour,medium,unknown,0,,Rudraprayāg,9.3832,30.2416,78.8996,ibnlive.in,http://ibnlive.in.com/generalnewsfeed/news/several-roads-blocked-due-to-landslides-in-uttarakhand/742517.html
3670,2011-06-29,National highway leading to Kedarnath,National highway leading to Kedarnath,25km,landslide,downpour,medium,above_road,,,Barkot,30.56741,30.67629482,79.04191791,IBN,http://ibnlive.in.com/generalnewsfeed/news/yatra-to-kedarnath-gangotri-yamunotri-resumes/745000.html
3678,2011-06-30,"Pauri-Safdarkhal road, blocked at Khundadhar","Pauri-Safdarkhal road, blocked at Khundadhar",50km,landslide,downpour,medium,unknown,0,,Pauri,0.64758,30.15,78.7753,ibnlive.in,http://ibnlive.in.com/generalnewsfeed/news/yatra-to-kedarnath-gangotri-yamunotri-resumes/745000.html
3737,2011-07-06,"Gangortri-Rishikesh highway, at Narendranagar in Tehri district of Uttarakhand","Gangortri-Rishikesh highway, at Narendranagar in Tehri district of Uttarakhand",50km,landslide,downpour,medium,unknown,0,,Dehradun,0.38784,30.3214,78.0319,ibnlive.in,http://ibnlive.in.com/generalnewsfeed/news/gangortririshikesh-highway-closed-due-to-landslide/749417.html
3746,2011-07-08,Lambagad,Lambagad,10km,landslide,downpour,medium,unknown,0,,Joshīmath,11.47157,30.6509,79.5192,ibnlive.in,http://ibnlive.in.com/generalnewsfeed/news/chardham-yatra-suspended-due-to-rains/752982.html
3750,2011-07-09,Gangotri,Gangotri,50km,landslide,downpour,medium,unknown,0,,Uttarkāshi,14.8033,30.7652,78.5925,ibnlive.in,http://ibnlive.in.com/generalnewsfeed/news/chardham-yatra-suspended-due-to-rains/752982.html
3751,2011-07-09,Kedarnath,Kedarnath,25km,landslide,downpour,medium,unknown,0,,Pīpalkoti,48.67682,30.7331,79.0685,ibnlive.in,http://ibnlive.in.com/generalnewsfeed/news/chardham-yatra-suspended-due-to-rains/752982.html
3752,2011-07-09,Yamunotri,Yamunotri,25km,landslide,downpour,medium,unknown,0,,Barkot,30.56741,31.0188,78.4129,ibnlive.in,http://ibnlive.in.com/generalnewsfeed/news/chardham-yatra-suspended-due-to-rains/752982.html
3749,2011-07-09,Badrinath,Badrinath,25km,landslide,downpour,medium,unknown,0,,Joshīmath,21.72471,30.7412,79.4929,ibnlive.in,http://ibnlive.in.com/generalnewsfeed/news/chardham-yatra-suspended-due-to-rains/752982.html
3757,2011-07-10,Nalupani area in Uttarkashi district,Nalupani area in Uttarkashi district,10km,landslide,downpour,medium,unknown,0,,Uttarkāshi,0.50842,30.7333,78.4399,ibnlive.in,http://ibnlive.in.com/generalnewsfeed/news/rains-drench-north-india-7-die-in-rainlinked-incidents/753764.html
3759,2011-07-11,Highways leading to Badrinath and Gangotri,Highways leading to Badrinath and Gangotri,50km,landslide,downpour,medium,unknown,0,,Rudraprayāg,27.4976,30.506,79.1127,ibnlive.in,http://ibnlive.in.com/generalnewsfeed/news/rains-lash-ukhand-landslides-block-roads/754140.html
3821,2011-07-21,"Kumaon, Uttarakhand","Kumaon, Uttarakhand",25km,landslide,rain,medium,unknown,1,,Almora,15.271,29.7334,79.6367,ibnlive.in,http://ibnlive.in.com/generalnewsfeed/news/two-killed-as-heavy-rains-lash-uttarakhand/759890.html
3819,2011-07-21,"Chamoli , Uttarakhand","Chamoli , Uttarakhand",25km,landslide,rain,medium,unknown,1,,Pīpalkoti,9.78584,30.4043,79.3318,ibnlive.in,http://ibnlive.in.com/generalnewsfeed/news/two-killed-as-heavy-rains-lash-uttarakhand/759890.html
3820,2011-07-21,"Garhwal, Uttarakhand","Garhwal, Uttarakhand",25km,landslide,rain,medium,unknown,1,,Doiwāla,1.47985,30.1665,78.1123,ibnlive.in,http://ibnlive.in.com/generalnewsfeed/news/two-killed-as-heavy-rains-lash-uttarakhand/759890.html
3859,2011-07-29,Kedarnath yatra,Kedarnath yatra,50km,landslide,downpour,medium,unknown,0,,Rāiwāla,2.04531,30.012,78.197,ibnlive.in,http://ibnlive.in.com/generalnewsfeed/news/kedarnath-yatra-remains-suspended-for-sixth-consecutive-day/774968.html
3899,2011-08-08,"Chhatanga area; Helkugad; and Netala, all on the Rishikesh-Yamunotri National Highway","Chhatanga area; Helkugad; and Netala, all on the Rishikesh-Yamunotri National Highway",unknown,landslide,downpour,medium,unknown,0,,Narendranagar,11.08485,30.2258,78.3755,china,http://www.china.org.cn/environment/2011-07/22/content_23044018.htm
3900,2011-08-08,"Govindghat, on the Rishikesh-Badrinath highway","Govindghat, on the Rishikesh-Badrinath highway",5km,landslide,downpour,medium,unknown,0,,Joshīmath,10.71033,30.6521,79.5566,china,http://www.china.org.cn/environment/2011-07/22/content_23044018.htm
3905,2011-08-10,Chardham yatra,Chardham yatra,50km,landslide,rain,medium,unknown,0,,Narendranagar,13.5202,30.2828,78.3041,hindustantimes,http://www.hindustantimes.com/Rains-continue-to-suspend-Chardham-yatra/Article1-731900.aspx
3913,2011-08-12,"The Chardham yatra, shrines of Badrinath, Kedarnath, Gangotri, and Yamunotri","The Chardham yatra, shrines of Badrinath, Kedarnath, Gangotri, and Yamunotri",25km,landslide,rain,medium,unknown,0,,Haridwar,4.1362,29.9121,78.1723,ibnlive.in,http://ibnlive.in.com/generalnewsfeed/news/landslides-suspend-chardham-yatra/786379.html
3914,2011-08-12,Uttarakhand and the Uttar Pradesh,Uttarakhand and the Uttar Pradesh,unknown,landslide,rain,large,unknown,11,,Kichha,7.19061,28.8665,79.5682,greaterkashmir,http://www.greaterkashmir.com/news/2011/Aug/13/monsoon-remains-active-in-northern-india-claims-11-lives-45.asp
4090,2011-12-10,Uttarakhand ,Uttarakhand ,10km,landslide,downpour,medium,unknown,0,,Dwārāhāt,16.63897,29.913,79.3532,newstrackindia,http://www.newstrackindia.com/newsdetails/254556
4240,2012-03-04,"Pithoragarh district, Uttarakhand","Pithoragarh district, Uttarakhand",10km,landslide,unknown,medium,unknown,2,,Pithorāgarh,0.4923,29.5798,80.2123,ibnlive.in,http://ibnlive.in.com/generalnewsfeed/news/two-buried-one-injured-in-landslide/971189.html
4445,2012-07-05,"Badrinath Rd,  Rishikesh, Uttarakhand","Badrinath Rd,  Rishikesh, Uttarakhand",1km,landslide,downpour,large,unknown,1,,Rishīkesh,3.63077,30.1281,78.3221,dailypioneer,http://www.dailypioneer.com/nation/78471-cloudburst-landslide-in-u-khand-claim-one.html
6310,2012-08-05,Kempty falls,Kempty falls,1km,rock_fall,unknown,medium,above_river,0,0,Mussoorie,3.81686,30.4876,78.0366,Hindustan Times,http://www.hindustantimes.com/india-news/dehradun/mussoorie-landslide-hit-kempty-falls-cries-for-restoration/article1-1265964.aspx
4472,2012-08-14,"Uttarkashi, Uttarakhand,","Uttarkashi, Uttarakhand,",10km,landslide,downpour,medium,unknown,,,Uttarkāshi,0.77489,30.7362,78.44,ibnlive.in,http://ibnlive.in.com/generalnewsfeed/news/five-bro-personnel-injured-in-landslides/1043221.html
4481,2012-08-17,"Chamoli, Uttarakhand","Chamoli, Uttarakhand",5km,landslide,downpour,medium,unknown,4,,Joshīmath,11.49171,30.6594,79.5605,ndtv,http://www.ndtv.com/article/india/four-die-in-landslides-in-uttarakhand-gangotri-rishikesh-highway-blocked-256310
4487,2012-08-17,"Gangotri-Rishikesh hwy, Uttarakhand (mid-point of road -exact location unknown)","Gangotri-Rishikesh hwy, Uttarakhand (mid-point of road -exact location unknown)",25km,landslide,downpour,medium,unknown,,,Uttarkāshi,16.92829,30.6179,78.3233,ndtv,http://www.ndtv.com/article/india/four-die-in-landslides-in-uttarakhand-gangotri-rishikesh-highway-blocked-256310
4551,2012-09-14,"Bageshwar, Uttarakhand","Bageshwar, Uttarakhand",5km,landslide,downpour,large,unknown,9,,Bāgeshwar,0.56828,29.841,79.7758,india.nydailynews,http://india.nydailynews.com/newsarticle/50533f44c110c01e42000000/india-landslides-kill-28
4550,2012-09-14,"Rudraprayag, Uttarakhand","Rudraprayag, Uttarakhand",5km,landslide,downpour,very_large,unknown,19,,Rudraprayāg,0.09348,30.2853,78.9829,india.nydailynews,http://india.nydailynews.com/newsarticle/50533f44c110c01e42000000/india-landslides-kill-28
4914,2013-06-12,"Rishikesh-Gangotri National Highway Near Mari Sainji Village, Uttarkashi, Uttarakhand","Rishikesh-Gangotri National Highway Near Mari Sainji Village, Uttarkashi, Uttarakhand",5km,landslide,downpour,medium,unknown,0,,Uttarkāshi,8.41608,30.7394,78.5306,m.timesofindia.com,http://m.timesofindia.com/india/15000-tourists-struck-for-16-hours-in-Uttarakhand-after-landslides/articleshow/20582096.cms
4929,2013-06-16,"Rishikesh-Joshimath-Mana Road, Uttarakhand","Rishikesh-Joshimath-Mana Road, Uttarakhand",50km,landslide,rain,medium,unknown,0,,Tehri,14.58545,30.4954,78.3881,The Indian EXPRESS,http://www.indianexpress.com/news/50-major-landslides-hit-four-road-stretches-in-uttarakhand-govt/1131703/
4930,2013-06-16,"Dharasu-Gangotri Road, Uttarakhand","Dharasu-Gangotri Road, Uttarakhand",50km,landslide,rain,medium,unknown,0,,Uttarkāshi,27.63875,30.885,78.6695,The Indian EXPRESS,http://www.indianexpress.com/news/50-major-landslides-hit-four-road-stretches-in-uttarakhand-govt/1131703/
4931,2013-06-16,"Pithoragarh-Ghatiabgarh Road, Uttarakhand","Pithoragarh-Ghatiabgarh Road, Uttarakhand",50km,landslide,rain,medium,unknown,0,,Dhārchula,11.27172,29.7986,80.417,The Indian EXPRESS,http://www.indianexpress.com/news/50-major-landslides-hit-four-road-stretches-in-uttarakhand-govt/1131703/
4928,2013-06-16,"Rudraprayag-Gaurikund Road, Uttarakhand","Rudraprayag-Gaurikund Road, Uttarakhand",25km,landslide,rain,medium,unknown,0,,Rudraprayāg,21.58422,30.4619,79.0765,The Indian EXPRESS,http://www.indianexpress.com/news/50-major-landslides-hit-four-road-stretches-in-uttarakhand-govt/1131703/
4924,2013-06-16,"Kedarnath (Hindu Shrine), Near Kedarnath Dome (Mountain), Uttarakhand","Kedarnath (Hindu Shrine), Near Kedarnath Dome (Mountain), Uttarakhand",1km,debris_flow,downpour,very_large,unknown,5000,,Pīpalkoti,48.96196,30.7351,79.0666,blogs.agu.org,http://blogs.agu.org/landslideblog/2013/06/21/the-kedarnath-debris-flow-disaster-in-uttarakhand/
4936,2013-06-17,"Rambara District, Uttarakhand","Rambara District, Uttarakhand",1km,landslide,downpour,large,unknown,13,,Rudraprayāg,45.94088,30.6945,79.0544,ibnlive.in.com,http://ibnlive.in.com/news/uttarakhand-floods-landslides-leave-40-dead-over-60000-stranded/399619-3.html
4940,2013-06-17,"Dehradun, Uttarakhand","Dehradun, Uttarakhand",25km,landslide,rain,medium,unknown,3,,Dehradun,2.54078,30.3069,78.0169,ibnlive.in.com,http://ibnlive.in.com/news/uttarakhand-floods-landslides-leave-40-dead-over-60000-stranded/399619-3.html
4943,2013-06-17,"Almora, Uttarakhand","Almora, Uttarakhand",5km,landslide,downpour,medium,unknown,4,,Almora,0.22767,29.5987,79.6592,ibnlive.in.com,http://ibnlive.in.com/news/uttarakhand-floods-landslides-leave-40-dead-over-60000-stranded/399619-3.html
4949,2013-06-18,Road Near Tipri To Kedarnath,Road Near Tipri To Kedarnath,5km,landslide,rain,medium,unknown,0,,Tehri,2.40046,30.3797,78.5017,ibnlive.in.com,http://ibnlive.in.com/videos/400037/ground-report-massive-landslides-in-tipri-block-roads.html
4966,2013-06-19,"Almora, Uttarakhand","Almora, Uttarakhand",5km,landslide,rain,medium,unknown,0,,Almora,1.94616,29.5935,79.6805,ibnlive.in.com,http://ibnlive.in.com/news/almora-roads-cave-in-get-washed-away-after-fresh-landslide/400275-3-243.html
4978,2013-06-24,"Rishikesh-Uttarkashi Route, Uttarakhand","Rishikesh-Uttarkashi Route, Uttarakhand",50km,debris_flow,downpour,medium,unknown,0,,Tehri,11.07894,30.4542,78.3911,www.indiablooms.com,http://www.indiablooms.com/NewsDetailsPage/2013/newsDetails240613d.php
4975,2013-06-24,"Sirobhgarh Bend, Srinagar-Rudraprayag Highway, Uttarakhand, Northern India","Sirobhgarh Bend, Srinagar-Rudraprayag Highway, Uttarakhand, Northern India",10km,landslide,downpour,medium,unknown,0,,Rudraprayāg,6.85261,30.2524,78.9228,www.business-standard.com,http://www.business-standard.com/article/specials/fresh-landslide-plays-spoil-sport-to-rescue-operations-113062500319_1.html
4974,2013-06-24,"Between Rudaprayag And Guptkashi, Uttarakhand (2 Landslides)","Between Rudaprayag And Guptkashi, Uttarakhand (2 Landslides)",25km,landslide,rain,medium,unknown,0,,Rudraprayāg,15.53708,30.4091,79.0579,www.hindustantimes.com,http://www.hindustantimes.com/India-news/Uttarakhand/Uttarakhand-Two-landslides-slow-down-ground-operations/Article1-1081377.aspx
5023,2013-07-04,"Munsari Tehsil, Uttarakhand","Munsari Tehsil, Uttarakhand",unknown,landslide,continuous_rain,medium,unknown,,,Dhārchula,36.77667,30.0712,80.2386,articles.timesofindia.indiatimes.com,http://articles.timesofindia.indiatimes.com/2013-07-08/india/40442779_1_food-grains-villages-pithoragarh-district-headquarters
5022,2013-07-04,"Pithoragarh Tehsil, Uttarakhand","Pithoragarh Tehsil, Uttarakhand",25km,landslide,downpour,medium,unknown,,,Pithorāgarh,1.21856,29.58,80.2214,articles.timesofindia.indiatimes.com,http://articles.timesofindia.indiatimes.com/2013-07-08/india/40442779_1_food-grains-villages-pithoragarh-district-headquarters
5024,2013-07-04,"Gunji, Uttarakhand","Gunji, Uttarakhand",50km,landslide,continuous_rain,medium,unknown,,,Burang,33.49872,30.1719,80.8576,articles.timesofindia.indiatimes.com,http://articles.timesofindia.indiatimes.com/2013-07-08/india/40442779_1_food-grains-villages-pithoragarh-district-headquarters
5068,2013-07-10,"Bhikona Village, Pokhri Block, Chamoli Village, Uttarakhand","Bhikona Village, Pokhri Block, Chamoli Village, Uttarakhand",5km,landslide,rain,medium,unknown,7,,Pīpalkoti,21.92126,30.3629,79.2143,articles.timesofindia.indiatimes.com,http://articles.timesofindia.indiatimes.com/2013-07-11/india/40513904_1_kedarnath-gaurikund-vijay-bahuguna
5088,2013-07-12,"Lohardobha Billage, Dhari, Nainital","Lohardobha Billage, Dhari, Nainital",5km,mudslide,downpour,medium,unknown,6,,Naini Tāl,2.48894,29.3802,79.4633,www.newsworms.com,http://www.newsworms.com/news_detail.php?ncatId=40&pcatid=36&news_id=7286
5086,2013-07-12,"Nainital District, Uttarakhand","Nainital District, Uttarakhand",5km,landslide,rain,medium,unknown,6,,Naini Tāl,2.48894,29.3802,79.4633,www.newsworms.com,http://www.newsworms.com/news_detail.php?ncatId=40&pcatid=36&news_id=7286
5130,2013-07-18,"Netali Maneri Marg, Uttarkashi District, Uttarakhand","Netali Maneri Marg, Uttarkashi District, Uttarakhand",5km,debris_flow,downpour,small,unknown,0,,Uttarkāshi,0.85194,30.7314,78.4347,post.jagran.com,http://post.jagran.com/fresh-landslides-hit-1374126579
5129,2013-07-18,"Chamoli District, Uttarakhand","Chamoli District, Uttarakhand",1km,landslide,downpour,medium,unknown,0,,Pīpalkoti,9.87913,30.4043,79.3308,post.jagran.com,http://post.jagran.com/fresh-landslides-hit-1374126579
5139,2013-07-19,"Munsyari Area, Pithoragarh, Uttarakhand","Munsyari Area, Pithoragarh, Uttarakhand",5km,landslide,downpour,medium,unknown,0,,Dhārchula,36.94258,30.0718,80.2369,www.thehindu.com,http://www.thehindu.com/news/national/other-states/heavy-rainfall-causes-landslides-in-kumaon/article4931537.ece
5177,2013-07-23,"Gauchar, Chamoli District, Uttarakhand","Gauchar, Chamoli District, Uttarakhand",5km,landslide,downpour,medium,unknown,0,,Rudraprayāg,16.1223,30.2902,79.151,www.dnaindia.com,http://www.dnaindia.com/india/1864669/report-fresh-incidents-of-landslides-as-heavy-rains-lash-uttarakhand
5176,2013-07-23,"Deval, Chamoli District, Uttarakhand","Deval, Chamoli District, Uttarakhand",1km,landslide,downpour,medium,unknown,0,,Rudraprayāg,22.58549,30.1944,79.1939,www.dnaindia.com,http://www.dnaindia.com/india/1864669/report-fresh-incidents-of-landslides-as-heavy-rains-lash-uttarakhand
5179,2013-07-24,"Karnaprayag, Uttarakhand","Karnaprayag, Uttarakhand",5km,landslide,downpour,medium,unknown,0,,Rudraprayāg,22.80443,30.262,79.2191,www.livemint.com,http://www.livemint.com/Politics/BoCQF6gfN3g4k7x0giBp4N/Fresh-incidents-of-cloud-burst-as-heavy-rains-lash-Uttarakah.html
5182,2013-07-24,"Thirpak, Uttarakhand","Thirpak, Uttarakhand",5km,landslide,downpour,medium,unknown,0,,Pīpalkoti,15.26892,30.301,79.3628,www.thehindubusinessline.com,http://www.thehindubusinessline.com/news/rains-trigger-cloudburst-landslides-in-uttarakhand/article4948408.ece
5183,2013-07-24,"Tefana, Uttarakhand","Tefana, Uttarakhand",1km,landslide,downpour,medium,unknown,0,,Pīpalkoti,16.52332,30.3056,79.3286,www.thehindubusinessline.com,http://www.thehindubusinessline.com/news/rains-trigger-cloudburst-landslides-in-uttarakhand/article4948408.ece
5181,2013-07-24,"Rishikesh-Badrinath Highway, Uttarakhand","Rishikesh-Badrinath Highway, Uttarakhand",unknown,landslide,downpour,medium,unknown,,,Rudraprayāg,24.03472,30.2733,79.233,www.thehindubusinessline.com,http://www.thehindubusinessline.com/news/rains-trigger-cloudburst-landslides-in-uttarakhand/article4948408.ece
5184,2013-07-24,"Sunali, Uttarakhand","Sunali, Uttarakhand",1km,landslide,downpour,medium,unknown,0,,Barkot,15.4227,30.9058,78.0906,www.thehindubusinessline.com,http://www.thehindubusinessline.com/news/rains-trigger-cloudburst-landslides-in-uttarakhand/article4948408.ece
5178,2013-07-24,"Chamoli, Uttarakhand","Chamoli, Uttarakhand",unknown,landslide,continuous_rain,medium,unknown,2,,Pīpalkoti,5.93184,30.4605,79.4774,www.livemint.com,http://www.livemint.com/Politics/BoCQF6gfN3g4k7x0giBp4N/Fresh-incidents-of-cloud-burst-as-heavy-rains-lash-Uttarakah.html
5197,2013-07-25,"Ganga Vihar Colony In Bhatwadi Area, Uttarkashi, Uttarakhand","Ganga Vihar Colony In Bhatwadi Area, Uttarkashi, Uttarakhand",5km,landslide,continuous_rain,medium,unknown,,,Uttarkāshi,19.53038,30.8203,78.6185,www.newindianexpress.com,http://www.newindianexpress.com/nation/Fresh-landslides-in-Uttarakhand-as-bad-weather-persists/2013/07/25/article1701733.ece
5196,2013-07-25,"Uttarkashi, Uttarakhand","Uttarkashi, Uttarakhand",unknown,landslide,continuous_rain,medium,unknown,,,Uttarkāshi,18.4002,30.8928,78.48,www.newindianexpress.com,http://www.newindianexpress.com/nation/Fresh-landslides-in-Uttarakhand-as-bad-weather-persists/2013/07/25/article1701733.ece
5199,2013-07-25,"Malla, Uttarkashi, Uttarakhand","Malla, Uttarkashi, Uttarakhand",1km,landslide,continuous_rain,medium,unknown,0,,Uttarkāshi,17.77912,30.7866,78.6171,www.newindianexpress.com,http://www.newindianexpress.com/nation/Fresh-landslides-in-Uttarakhand-as-bad-weather-persists/2013/07/25/article1701733.ece
5195,2013-07-25,"Alaknanda Valley Of Chamoli District, Uttarakhand","Alaknanda Valley Of Chamoli District, Uttarakhand",unknown,landslide,continuous_rain,medium,unknown,,,Pīpalkoti,10.18317,30.4041,79.3276,www.newindianexpress.com,http://www.newindianexpress.com/nation/Fresh-landslides-in-Uttarakhand-as-bad-weather-persists/2013/07/25/article1701733.ece
5198,2013-07-25,"Quaritok, Uttarkashi, Uttarakhand","Quaritok, Uttarkashi, Uttarakhand",unknown,landslide,continuous_rain,medium,unknown,0,,Uttarkāshi,18.4002,30.8928,78.48,www.newindianexpress.com,http://www.newindianexpress.com/nation/Fresh-landslides-in-Uttarakhand-as-bad-weather-persists/2013/07/25/article1701733.ece
5208,2013-07-26,Rishikesh-Badrinath Highway Near Kaleshwar,Rishikesh-Badrinath Highway Near Kaleshwar,5km,landslide,rain,medium,unknown,,,Pīpalkoti,23.45041,30.2835,79.2498,www.business-standard.com,http://www.business-standard.com/article/current-affairs/clear-weather-in-most-parts-of-uttarakhand-113072600531_1.html
5209,2013-07-26,Rishikesh-Gangotri Highway Near Dharasu-Nalupani,Rishikesh-Gangotri Highway Near Dharasu-Nalupani,25km,landslide,rain,medium,unknown,,,Uttarkāshi,13.25369,30.6539,78.3366,www.business-standard.com,http://www.business-standard.com/article/current-affairs/clear-weather-in-most-parts-of-uttarakhand-113072600531_1.html
5215,2013-07-27,Balsori Villages In The Akhrori Area,Balsori Villages In The Akhrori Area,5km,landslide,rain,medium,unknown,,,Srīnagar,25.61788,30.4521,78.754,www.indiatvnews.com,http://www.indiatvnews.com/news/india/uttarakhand-many-families-shifted-from-ukhimath-fearing-landslide-25652.html
5225,2013-07-28,"Bhatwari Area Of Uttarkashi Districti, Uttarakhand","Bhatwari Area Of Uttarkashi Districti, Uttarakhand",5km,mudslide,downpour,small,unknown,1,,Uttarkāshi,19.16082,30.819,78.6149,ibnlive.in.com,http://ibnlive.in.com/news/bad-weather-continues-in-uttarakhand-three-people-die-in-landslides-wall-collapse/410397-3-243.html
5224,2013-07-28,"Samkot Village Of Pithoragarhi, Uttarakhand","Samkot Village Of Pithoragarhi, Uttarakhand",10km,mudslide,downpour,small,unknown,1,,Dhārchula,34.92794,29.9964,80.201,ibnlive.in.com,http://ibnlive.in.com/news/bad-weather-continues-in-uttarakhand-three-people-die-in-landslides-wall-collapse/410397-3-243.html
5240,2013-07-31,"Dehradun, Uttarakhand","Dehradun, Uttarakhand",10km,landslide,downpour,medium,unknown,4,,Rāipur,7.8256,30.3822,78.0949,news.oneindia.in,http://news.oneindia.in/2013/08/03/almora-sdm-drowned-mandakini-river-in-kedarnath-1275017.html
5241,2013-07-31,"Salut, Almora, Uttarakhand","Salut, Almora, Uttarakhand",unknown,landslide,downpour,medium,unknown,,,Almora,0.27733,29.5952,79.6625,www.hindustantimes.com,http://www.hindustantimes.com/India-news/NorthIndiaRainFury2013/SDM-8-others-killed-as-heavy-rains-lash-Uttarakhand/Article1-1101502.aspx
5285,2013-08-05,"Jhulaghat Area Of Pithoragarh District, Uttarakhand","Jhulaghat Area Of Pithoragarh District, Uttarakhand",10km,landslide,monsoon,medium,unknown,1,1,Pithorāgarh,15.26259,29.5659,80.3657,www.moneycontrol.com,http://www.moneycontrol.com/news/wire-news/one-killed-another-injuredlandslideuttarakhand_930257.html
5320,2013-08-13,"Kot Village Of Tehri District, Uttarakhand","Kot Village Of Tehri District, Uttarakhand",5km,landslide,downpour,medium,unknown,2,,Uttarkāshi,17.08724,30.6014,78.3449,post.jagran.com,http://post.jagran.com/2-killed-in-landslide-as-heavy-rains-lash-uttarakhand-1376460094
5346,2013-08-17,"Harsil, Uttarakhand","Harsil, Uttarakhand",5km,landslide,rain,medium,unknown,,,Uttarkāshi,43.16422,31.0343,78.7248,www.ndtv.com,http://www.ndtv.com/article/india/uttarakhand-devastation-two-months-on-where-s-the-road-to-recovery-407126
5347,2013-08-17,"Uttarkashi, Uttarakhand","Uttarkashi, Uttarakhand",5km,landslide,rain,medium,unknown,,,Uttarkāshi,0.37281,30.7292,78.4396,www.saharasamay.com,http://www.saharasamay.com/regional-news/uttarakhand-news/676535126/flood-in-uttarakhand-landslide-in-uttarakhand-rains-in-uttarakha.html
5360,2013-08-18,"Chamoli District, Uttarakhand","Chamoli District, Uttarakhand",5km,landslide,rain,medium,unknown,,,Pīpalkoti,12.96409,30.3642,79.3158,zeenews.india.com,http://zeenews.india.com/news/uttarakhand/rains-continue-to-lash-u-khand-8-houses-damaged-i_869923.html
5359,2013-08-18,Rishikesh-Gangotri Highway,Rishikesh-Gangotri Highway,unknown,landslide,rain,medium,unknown,,,Uttarkāshi,1.70197,30.742,78.4543,zeenews.india.com,http://zeenews.india.com/news/uttarakhand/rains-continue-to-lash-u-khand-8-houses-damaged-i_869923.html
5358,2013-08-18,Rishkesh-Yamunotri Highway,Rishkesh-Yamunotri Highway,unknown,landslide,rain,medium,unknown,,,Chakrāta,19.1892,30.6639,78.0574,zeenews.india.com,http://zeenews.india.com/news/uttarakhand/rains-continue-to-lash-u-khand-8-houses-damaged-i_869923.html
5365,2013-08-19,"Nalupani Area Of Uttarkashi District, Uttarakhand","Nalupani Area Of Uttarkashi District, Uttarakhand",unknown,debris_flow,downpour,medium,unknown,,,Uttarkāshi,15.54936,30.6293,78.3303,zeenews.india.com,http://zeenews.india.com/news/nation/heavy-rains-trigger-landslides-sweep-away-road_870382.html
5410,2013-08-28,Haridwar In Uttarakhand Province,Haridwar In Uttarakhand Province,25km,landslide,downpour,medium,unknown,0,5,Haridwar,1.03033,29.9531,78.1514,sciencythoughts.blogspot.com,http://sciencythoughts.blogspot.com/2013/08/five-injured-in-uttarakhand-landslide.html
5567,2013-09-30,"Dharasu, Uttarkashi, Uttarakhand","Dharasu, Uttarkashi, Uttarakhand",25km,landslide,unknown,medium,unknown,1,,Uttarkāshi,18.88181,30.6004,78.3154,www.thehindu.com,http://www.thehindu.com/news/cities/bangalore/bangalorean-killed-in-uttarkashi-landslide/article5187060.ece
5608,2013-10-16,"National Highway 109, Uttarakhand","National Highway 109, Uttarakhand",25km,landslide,unknown,medium,unknown,0,,Rudraprayāg,29.37158,30.5345,79.0853,www.thehindu.com,http://www.thehindu.com/news/national/other-states/landslide-damages-kedarnath-highway-yatra-still-on/article5248031.ece?homepage=true
5611,2013-10-18,"National Highway 109, Uttarakhand","National Highway 109, Uttarakhand",25km,landslide,rain,medium,unknown,0,,Rudraprayāg,29.37158,30.5345,79.0853,www.thehindu.com,http://www.thehindu.com/news/national/other-states/landslide-damages-kedarnath-highway-yatra-still-on/article5248031.ece?homepage=true
6162,2014-07-19,"Mussoorie, Uttarakhand","Mussoorie, Uttarakhand",10km,landslide,rain,small,above_road,0,0,Mussoorie,3.82134,30.4305,78.0803,The Times of India,http://timesofindia.indiatimes.com/City/Dehradun/Landslide-causes-4-hr-snarl-on-Doon-Mussoorie-road/articleshow/38693367.cms
6167,2014-07-20,"Sonprayag, Uttarakhand","Sonprayag, Uttarakhand",1km,landslide,continuous_rain,small,above_road,3,0,Rudraprayāg,38.58572,30.6326,78.9953,Times of India,http://timesofindia.indiatimes.com/city/dehradun/Three-more-killed-in-landslides-toll-now-5/articleshow/38981735.cms
6177,2014-07-23,"Bazpur, Uttarakhand","Bazpur, Uttarakhand",1km,landslide,continuous_rain,small,above_road,2,0,Bāzpur,3.93847,29.1585,79.1464,Times of India,http://timesofindia.indiatimes.com/city/dehradun/Three-more-killed-in-landslides-toll-now-5/articleshow/38981735.cms
6184,2014-07-28,"Pithauragadh, Uttarakhand","Pithauragadh, Uttarakhand",1km,landslide,continuous_rain,medium,unknown,7,12,Pithorāgarh,0.84717,29.5829,80.2182,Republica,http://www.myrepublica.com/portal/index.php?action=news_details&news_id=79848
6510,2014-08-15,Pauri district of Uttarakhand,Pauri district of Uttarakhand,unknown,debris_flow,rain,medium,unknown,14,0,Pauri,4.54777,30.1176,78.7472,ABC,http://www.abc.net.au/news/2014-08-16/an-floods2c-landslide-leave-17-dead-in-northern-india/5675282
6525,2014-08-18,Yamunotri route,Yamunotri route,50km,landslide,downpour,medium,above_road,0,0,Uttarkāshi,29.28035,30.9936,78.4594,Business Standard,http://www.business-standard.com/article/news-ani/landslide-stalls-planned-pilgrimage-on-yamunotri-route-114081800515_1.html
6341,2014-09-11,Gaurikund-Kedarnath pedestrian trek,Gaurikund-Kedarnath pedestrian trek,10km,landslide,downpour,medium,above_road,0,0,Rudraprayāg,45.13481,30.688,79.0478,Times of India,http://timesofindia.indiatimes.com/city/dehradun/150-Kedarnath-devotees-stranded-after-rain-triggers-landslide-in-Gaurikund/articleshow/42290299.cms
6928,2015-03-31,Joshimath-Mallari road,Joshimath-Mallari road,25km,landslide,construction,medium,above_road,4,0,Joshīmath,24.26124,30.6145,79.8102,Indian Express,http://indianexpress.com/article/india/india-others/4-killed-in-landslide-in-chamoli/
7111,2015-04-28,"Vishnuprayag, Joshimath","Vishnuprayag, Joshimath",1km,landslide,continuous_rain,small,above_road,0,0,Joshīmath,1.24233,30.5631,79.5765,The Times of India,http://timesofindia.indiatimes.com/city/bhubaneswar/Uttarakhand-landslide-54-pilgrims-to-board-train-back-home-today/articleshow/47118314.cms
7110,2015-04-30,Rishikesh-Badrinath National Highway near Joshimath,Rishikesh-Badrinath National Highway near Joshimath,5km,landslide,continuous_rain,small,above_road,0,0,Joshīmath,1.19578,30.5568,79.5541,Niti Central,http://www.niticentral.com/2015/04/30/badrinath-route-faces-landslides-500-pilgrims-stranded-311523.html
6947,2015-06-21,Satpuli-Kanskhet Road in Pauri Garhwal district,Satpuli-Kanskhet Road in Pauri Garhwal district,25km,landslide,rain,small,above_road,0,0,Devaprayāg,13.32984,30.0261,78.6278,The Tribune India,http://www.tribuneindia.com/news/uttarakhand/rain-disrupts-kedarnath-yatra-for-three-hours/96406.html
7012,2015-06-25,5 km from Kedarnath Temple,5 km from Kedarnath Temple,5km,landslide,downpour,medium,above_road,0,0,Rudraprayāg,44.67748,30.6838,79.0479,The Times of India,http://timesofindia.indiatimes.com/city/mysuru/Temple-priest-53-others-rescued-from-Uttarakhand/articleshow/47850848.cms
7084,2015-07-06,"Mall Rd, Nainital","Mall Rd, Nainital",5km,landslide,downpour,medium,above_road,0,0,Naini Tāl,0.7314,29.393,79.4525,The New India Express,http://www.newindianexpress.com/nation/Landslide-Blocks-Road-in-Nainital/2015/07/07/article2906046.ece
7159,2015-07-10,"Baliyanala, Nainithal","Baliyanala, Nainithal",5km,landslide,continuous_rain,medium,unknown,0,0,Naini Tāl,1.09075,29.3908,79.4552,The Tribune,http://www.tribuneindia.com/news/nation/heavy-rain-lashes-north-india-farmers-happy/105318.html
7161,2015-07-11,Sirobagad area of Rudraprayag,Sirobagad area of Rudraprayag,5km,landslide,continuous_rain,medium,unknown,0,0,Rudraprayāg,9.38249,30.241,78.9,The Times of India,http://timesofindia.indiatimes.com/city/dehradun/Heavy-rains-lash-Ukhand-landslides-traffic-disruptions-reported-across-state/articleshow/48035142.cms
7160,2015-07-11,Badrinath Highway near Mulygoan in Tihri,Badrinath Highway near Mulygoan in Tihri,5km,landslide,continuous_rain,medium,above_road,0,0,Tehri,1.34136,30.3799,78.4862,The Tribune,http://www.tribuneindia.com/news/nation/heavy-rain-lashes-north-india-farmers-happy/105318.html
7227,2015-07-19,Sandrathi village of Munsiyari block of Pithoragarh district,Sandrathi village of Munsiyari block of Pithoragarh district,1km,rock_fall,monsoon,small,natural_slope,1,0,Dhārchula,36.88679,30.0705,80.2364,webindia123,http://news.webindia123.com/news/Articles/India/20150719/2644934.html
7224,2015-07-19,"Varunavat Mountain, Uttarkashi","Varunavat Mountain, Uttarkashi",5km,landslide,continuous_rain,medium,above_road,0,0,Uttarkāshi,0.5401,30.73,78.4378,The Financial Express,http://www.financialexpress.com/article/miscellaneous/varunavat-mountain-crack-causes-landslide-chaar-dham-pilgrims-stranded-at-srinagar/103746/
7295,2015-07-24,Kempty Road near Sia village,Kempty Road near Sia village,25km,landslide,continuous_rain,small,above_road,0,0,Mussoorie,7.07957,30.4517,78.1443,The Times of India,http://timesofindia.indiatimes.com/city/dehradun/Landslides-narrow-down-road-to-Kempty-Falls/articleshow/48257236.cms
7296,2015-07-24,Kempty Road near Kandikhal,Kempty Road near Kandikhal,25km,landslide,continuous_rain,medium,above_road,0,0,Tehri,13.62832,30.416,78.3415,The Times of India,http://timesofindia.indiatimes.com/city/dehradun/Landslides-narrow-down-road-to-Kempty-Falls/articleshow/48257236.cms
7270,2015-07-24,Pithoragarh,Pithoragarh,5km,landslide,continuous_rain,small,unknown,0,0,Pithorāgarh,0.93633,29.5863,80.2186,NDTV,http://www.ndtv.com/india-news/no-respite-from-rain-in-uttarakhand-landslides-continue-1200268
7294,2015-07-24,Kempty Road near Kempty Falls,Kempty Road near Kempty Falls,25km,landslide,continuous_rain,small,above_road,0,0,Mussoorie,15.12471,30.4528,78.1045,The Times of India,http://timesofindia.indiatimes.com/city/dehradun/Landslides-narrow-down-road-to-Kempty-Falls/articleshow/48257236.cms
7273,2015-07-26,"Sirobagad, Rishikesh-Badrinath highway","Sirobagad, Rishikesh-Badrinath highway",5km,landslide,continuous_rain,medium,above_road,0,0,Rudraprayāg,9.26371,30.2411,78.9014,Ani News,http://www.aninews.in/videogallery2/40588-rishikesh-badrinath-highway-closed-due-to-landslide-in-rudraprayag.html
7297,2015-07-28,Kedarnath Yatra,Kedarnath Yatra,5km,landslide,continuous_rain,small,above_road,0,0,Pīpalkoti,47.19165,30.7204,79.0758,ANI News,http://www.aninews.in/videogallery2/40690-landslide-disrupts-039-kedarnath-yatra-039-in-uttarakhand.html
7391,2015-08-01,Gangotri highway,Gangotri highway,50km,rock_fall,continuous_rain,medium,above_road,0,1,Uttarkāshi,52.1612,31.0358,78.8578,Z News,http://zeenews.india.com/news/uttarakhand/landslide-leaves-500-stranded-in-uttarakhand_1640391.html
7310,2015-08-15,Yamnotri highway,Yamnotri highway,25km,landslide,continuous_rain,medium,above_road,0,0,Barkot,16.22059,30.9085,78.3299,Times of India,http://timesofindia.indiatimes.com/city/dehradun/Rains-trigger-landslides-on-Yamnotri-and-Gangotri-highways-traffic-disrupted/articleshow/48505014.cms
7311,2015-08-15,Lambagadh,Lambagadh,5km,landslide,continuous_rain,medium,above_road,0,0,Joshīmath,11.0456,30.6494,79.5269,Times of India,http://timesofindia.indiatimes.com/city/dehradun/Rains-trigger-landslides-on-Yamnotri-and-Gangotri-highways-traffic-disrupted/articleshow/48505014.cms
7309,2015-08-15,Malla,Malla,1km,landslide,continuous_rain,medium,above_road,0,0,Uttarkāshi,17.67532,30.7864,78.616,Times of India,http://timesofindia.indiatimes.com/city/dehradun/Rains-trigger-landslides-on-Yamnotri-and-Gangotri-highways-traffic-disrupted/articleshow/48505014.cms
7308,2015-08-15,Gagnani,Gagnani,5km,landslide,continuous_rain,medium,above_road,0,0,Uttarkāshi,30.36958,30.9111,78.6814,Times of India,http://timesofindia.indiatimes.com/city/dehradun/Rains-trigger-landslides-on-Yamnotri-and-Gangotri-highways-traffic-disrupted/articleshow/48505014.cms
9314,2016-05-22,"Chetra Village, Dehradun, India","Chetra Village, Dehradun, India",25km,rock_fall,rain,small,mine,10,6,Dehra Dūn,2.9544,30.306,78.0648,Kathmandu Post,http://kathmandupost.ekantipur.com/news/2016-05-24/10-nepalis-killed-in-dehradun-landslip.html
9318,2016-05-23,"Chakrata, Uttarakhand, India","Chakrata, Uttarakhand, India",1km,rock_fall,rain,small,unknown,10,5,Chakrāta,0.33665,30.7007,77.8644,DNA India,http://www.dnaindia.com/india/report-uttarakhand-landslide-kills-ten-injures-five-in-chakrata-2215549
8032,2016-06-29,"Nandprayag, Uttarakhand, India","Nandprayag, Uttarakhand, India",1km,landslide,downpour,medium,above_road,0,0,Pīpalkoti,14.9774,30.3299,79.3206,First Post,http://www.firstpost.com/india/uttarakhand-roads-blocked-after-heavy-rains-landslides-2861878.html?utm_source=FP_CAT_LATEST_NEWS
8367,2016-06-30,"Didihat, Uttarakhand, India","Didihat, Uttarakhand, India",1km,mudslide,monsoon,large,unknown,0,0,Pithorāgarh,24.45011,29.8002,80.2565,NDTV (New Delhi Television Limited),http://www.ndtv.com/india-news/9-dead-in-cloudburst-in-uttarakhand-many-injured-1426802
9002,2016-07-16,"Mussoorie-Tehri bypass, near Landour, Uttarakhand, India","Mussoorie-Tehri bypass, near Landour, Uttarakhand, India",5km,debris_flow,downpour,medium,above_road,0,0,Mussoorie,2.56092,30.4554,78.0973,Tribune India,http://www.tribuneindia.com/news/uttarakhand/mussoorie-tehri-road-closed-for-8-hours/266939.html
9008,2016-07-16,"Mathyali village, Jakhnidhar, Uttarakhand, India","Mathyali village, Jakhnidhar, Uttarakhand, India",1km,rock_fall,rain,small,unknown,0,0,Tehri,6.86552,30.3351,78.5113,Tribune India,http://www.tribuneindia.com/news/uttarakhand/mussoorie-tehri-road-closed-for-8-hours/266939.html
9017,2016-07-17,"Narendranagar bypass on the Rishikesh-Gangotri national highway,Tehri Garhwal district, Uttarakhand, India","Narendranagar bypass on the Rishikesh-Gangotri national highway,Tehri Garhwal district, Uttarakhand, India",1km,landslide,downpour,medium,above_road,4,0,Narendranagar,0.68301,30.1642,78.2936,Tribune India,http://www.tribuneindia.com/news/uttarakhand/10-killed-in-rain-related-incidents/267353.html
9020,2016-07-17,"Railway tunnel a few kilometres from the Haridwar railway station, between Haridwar and Dehradun, Uttarakhand, India","Railway tunnel a few kilometres from the Haridwar railway station, between Haridwar and Dehradun, Uttarakhand, India",exact,mudslide,downpour,medium,above_road,0,0,Haridwar,1.07577,29.9551,78.1677,Tribune India,http://www.tribuneindia.com/news/uttarakhand/mudslide-at-lodhamandi-track-disrupts-train-traffic/267356.html
9166,2016-07-18,"Gangotri Highway near Helgugad, Uttarkashi, Uttarakhand, India","Gangotri Highway near Helgugad, Uttarkashi, Uttarakhand, India",1km,rock_fall,rain,medium,above_road,,,Uttarkāshi,0.75174,30.7313,78.4358,Frify,http://frify.com/video/watch-landslide-at-gangotri-highway-near-helgugad-in-uttarkashi-caught-on-cam
9258,2016-07-31,"Janki Chatti, Uttarakhand, India","Janki Chatti, Uttarakhand, India",1km,landslide,continuous_rain,medium,above_road,0,5,Uttarkāshi,27.21869,30.9753,78.4375,Indian Express,http://indianexpress.com/article/india/india-news-india/five-pilgrims-injured-after-landslide-in-uttarakhand-2946279/
9449,2016-08-04,Valley of Flowers near Badrinath,Valley of Flowers near Badrinath,5km,debris_flow,continuous_rain,medium,above_road,0,0,Joshīmath,21.3573,30.7386,79.4954,Times of India,http://timesofindia.indiatimes.com/city/dehradun/Valley-of-Flowers-shut-till-Aug-7-after-landslide-traps-86-trekkers/articleshow/53563403.cms
9448,2016-08-05,Bangapani area of Pithoragarh,Bangapani area of Pithoragarh,10km,rock_fall,downpour,small,unknown,1,0,Pithorāgarh,0.66721,29.5866,80.2154,Business Standard,http://www.business-standard.com/article/pti-stories/one-killed-in-landslide-in-u-khand-116080600419_1.html
9630,2016-10-04,Mahakali river at Bangabagad,Mahakali river at Bangabagad,1km,rock_fall,unknown,medium,above_river,0,0,Pithorāgarh,17.49738,29.8521,80.553,ekantipur,http://kathmandupost.ekantipur.com/news/2016-10-16/mahakali-sweeps-darchula-embankment.html
