base_id,force,unit,place,district,lat,lon,coord_source,status,notes,sources
SDRF-HQ-JOLLYGRANT,SDRF,Headquarters and training centre,"Jolly Grant, Doiwala",Dehradun,30.1922,78.1900,nearby_landmark_airport,confirmed_2023,"Inaugurated 24 Apr 2023. The force grew from 1 to 5 companies, a 6th is forming, and a Kumaon battalion is approved pending funds.",https://www.drishtiias.com/state-pcs-current-affairs/inauguration-of-sdrf-headquarters-and-training-center-in-jolly-grant;https://garhwalpost.in/sdrf-to-go-hi-tech-efficacy-to-the-hilt/
SDRF-SONPRAYAG,SDRF,Post (Kedarnath route),Sonprayag,Rudraprayag,30.63171,78.99866,osm_place_node,reported_2025_2026,"Led the Jul 2025 Sonprayag landslide rescue, the May 2026 Munkatiya overnight evacuation (~10,450) and the Sep 2026 Chirbasa escort (~9,000).",https://www.indiatvnews.com/news/india/kedarnath-yatra-disrupted-after-landslide-in-sonprayag-sdrf-rescues-100-pilgrims-2025-07-26-1000636;https://www.indiatv.in/india/national/uttarakhand-landslide-in-kedarnath-route-rudraprayag-over-10-000-pilgrims-evacuated-safely-by-administration-2026-05-20-1219684;https://www.etvbharat.com/hi/state/kedarnath-yatra-sdrf-takes-charge-at-the-chirbasa-sliding-zone-uts26093003142
SDRF-KEDARNATH,SDRF,Seasonal post at the shrine,Kedarnath,Rudraprayag,30.73389,79.06691,osm_place_node,reported_2014_2023,Two teams in 2014; 12 personnel at Kedarnath Dham in Apr 2023. Seasonal (yatra months).,https://www.drishtiias.com/state-pcs-current-affairs/inauguration-of-sdrf-headquarters-and-training-center-in-jolly-grant
SDRF-HARSIL,SDRF,Post (Gangotri route),Harsil,Uttarkashi,31.03691,78.75065,osm_place_node,reported_2014_2026,45-member team placed at Harshil for the Gangotri/Yamunotri routes in 2014; in 2026 SDRF brought 19 stranded Kalindi Khal trekkers down to Harsil.,Times of India 2014 (seen in a web search summary; not opened);https://newsable.asianetnews.com/india/kedarnath-yatra-sdrf-escorts-9-000-pilgrims-through-sliding-zone-articleshow-xwxglmr
SDRF-LAMBAGAR,SDRF,Team (Badrinath route),Lambagarh,Chamoli,30.65411,79.51658,osm_place_node,reported_2014,One team in the Lambagar area of Chamoli in 2014. Not confirmed since.,Times of India 2014 (seen in a web search summary; not opened)
SDRF-BADRINATH,SDRF,Seasonal yatra deployment,Badrinath,Chamoli,30.74233,79.49303,osm_place_node,reported_2026,SDRF personnel assisting pilgrims at Badrinath Dham.,https://pioneeredge.in/sdrf-helps-elderly-pilgrims-saves-woman-after-she-faints-at-badrinath/
SDRF-RUDRAPRAYAG,SDRF,Company location (2013 plan),Rudraprayag,Rudraprayag,30.28656,78.98072,osm_place_node,planned_2013_unverified,"2013 plan: a 1,100-man battalion trained at Rudraprayag, Joshimath, Bageshwar and Champawat; four companies as first responders. Current posting not confirmed.",https://www.tribuneindia.com/2013/20130710/dplus.htm
SDRF-JOSHIMATH,SDRF,Company location (2013 plan),Joshimath (Jyotirmath),Chamoli,30.55558,79.56126,osm_place_node,planned_2013_unverified,See SDRF-RUDRAPRAYAG.,https://www.tribuneindia.com/2013/20130710/dplus.htm
SDRF-BAGESHWAR,SDRF,Company location (2013 plan),Bageshwar,Bageshwar,29.83760,79.77140,osm_place_node,planned_2013_unverified,See SDRF-RUDRAPRAYAG.,https://www.tribuneindia.com/2013/20130710/dplus.htm
SDRF-CHAMPAWAT,SDRF,Company location (2013 plan),Champawat,Champawat,29.33727,80.09209,osm_place_node,planned_2013_unverified,See SDRF-RUDRAPRAYAG.,https://www.tribuneindia.com/2013/20130710/dplus.htm
NDRF-15BN-GADARPUR,NDRF,15th Battalion HQ,"Barakhera, Gadarpur",Udham Singh Nagar,29.04236,79.24851,approx_town_centroid,confirmed,"Official unit list: 15th BN NDRF, PO Gadarpur, PIN 263152. Raised from ITBP; Wikipedia still says Haldwani (outdated). Its teams used ground-penetrating radar at Dharali in 2025. In the plains, far from the hill districts.",https://www.ndrf.gov.in/en/ndrf-units;https://x.com/15bnndrf
NDRF-RRC-DEHRADUN,NDRF,Regional Response Centre,Dehradun,Dehradun,30.32556,78.04368,approx_town_centroid,reported_2021,"Sent a team to the Feb 2021 Chamoli flood. Not on the ndrf.gov.in units page, so treat as unconfirmed.",Web search summary of 2021 Chamoli coverage (not opened)
ITBP-1BN-JOSHIMATH,ITBP,1st Battalion,Joshimath (Jyotirmath),Chamoli,30.55558,79.56126,osm_place_node,reported_2021,First responders at Chamoli 2021: troops rushed out soon after ~10:30-10:45 am. Not a PRD team type; reference only.,https://www.deccanherald.com/india/a-new-lease-of-life-itbp-rescues-workers-stuck-in-flash-flood-hit-tunnel-948707.html
ITBP-8BN-GAUCHAR,ITBP,8th Battalion,Gauchar,Chamoli,30.28890,79.15708,osm_place_node,reported_2025,Sent a platoon to Tharali the morning after the Aug 2025 cloudburst. Not a PRD team type; reference only.,https://www.etvbharat.com/en/!state/after-dharali-cloudburst-hits-uttarakhand-tharali-woman-dead-elderly-man-missing-enn25082301723
ARMY-HARSIL,Army,Harsil camp,Harsil,Uttarkashi,31.03691,78.75065,osm_place_node,reported_2025,About 4 km from Dharali; mobilised 150 personnel within 10 minutes on 5 Aug 2025 and was itself hit (8-10 soldiers missing). Not a PRD team type; reference only.,https://reliefweb.int/report/india/situation-report-1-uttarakhand-cloudburst-and-flash-flood-date-06th-august-2025-time-1000am;https://www.tribuneindia.com/news/india/10-soldiers-missing-after-uttarkashi-army-camp-is-hit-by-flash-floods
